{"options":{"check_for_updates":false,"comment":null,"compat_foreach":false,"compat_metadata":false,"compat_powerful_this":null,"compat_wrappedjsobject":false,"compatopts_for_requires":true,"noframes":null,"override":{"merge_connects":true,"merge_excludes":true,"merge_includes":true,"merge_matches":true,"orig_connects":[],"orig_excludes":[],"orig_includes":[],"orig_matches":["*://twitter.com/*"],"orig_noframes":null,"orig_run_at":"document-idle","use_blockers":[],"use_connects":[],"use_excludes":[],"use_includes":[],"use_matches":[]},"run_at":null,"sandbox":null,"tab_types":null,"unwrap":null},"settings":{"enabled":false,"position":11},"meta":{"name":"Twitter Dark Mode","uuid":"830ede7e-2937-409d-b0ff-af5d1fc7d2c4","modified":1682639159094,"file_url":"https://greasyfork.org/scripts/460921-twitter-dark-mode/code/Twitter%20Dark%20Mode.user.js"}}