{"options":{"check_for_updates":false,"comment":null,"compatopts_for_requires":true,"compat_wrappedjsobject":false,"compat_metadata":false,"compat_foreach":false,"compat_powerful_this":null,"sandbox":null,"noframes":null,"unwrap":null,"run_at":null,"tab_types":null,"override":{"merge_connects":true,"merge_excludes":true,"merge_includes":true,"merge_matches":true,"orig_connects":[],"orig_excludes":[],"orig_includes":[],"orig_matches":["*://www.wcofun.com/*","*://www.wcofun.org/*","*://www.wcofun.tv/*"],"orig_noframes":null,"orig_run_at":"start","use_blockers":[],"use_connects":[],"use_excludes":[],"use_includes":[],"use_matches":[]}},"settings":{"enabled":true,"position":16},"meta":{"name":"Wco Header Universal Patch","uuid":"50dc96dc-098b-4f16-a134-d91bef5d55a5","modified":1698304114614}}