{"options":{"check_for_updates":false,"comment":null,"compat_foreach":false,"compat_metadata":false,"compat_powerful_this":null,"compat_wrappedjsobject":false,"compatopts_for_requires":true,"noframes":null,"override":{"merge_connects":true,"merge_excludes":true,"merge_includes":true,"merge_matches":true,"orig_connects":[],"orig_excludes":[],"orig_includes":[],"orig_matches":["*://www.wcofun.com/*","*://www.wcofun.org/*","*://www.wcofun.tv/*","*://www.wcofun.net/*"],"orig_noframes":null,"orig_run_at":"document-start","use_blockers":[],"use_connects":[],"use_excludes":[],"use_includes":[],"use_matches":[]},"run_at":null,"sandbox":null,"tab_types":null,"unwrap":null,"user_modified":1706406423695},"settings":{"enabled":true,"position":18},"meta":{"name":"Watch Cartoon Online Rainfall","uuid":"567882ce-0b4f-414f-893e-c56cb78c4613","modified":1706406423693}}