{"options":{"check_for_updates":false,"comment":null,"compat_foreach":false,"compat_metadata":false,"compat_powerful_this":null,"compat_wrappedjsobject":false,"compatopts_for_requires":true,"noframes":null,"override":{"merge_connects":true,"merge_excludes":true,"merge_includes":true,"merge_matches":true,"orig_connects":[],"orig_excludes":[],"orig_includes":[],"orig_matches":["https://*.youtube.com/*"],"orig_noframes":null,"orig_run_at":"document-end","orig_run_in":[],"use_blockers":[],"use_connects":[],"use_excludes":[],"use_includes":[],"use_matches":[]},"run_at":null,"run_in":null,"sandbox":null,"tags":[],"unwrap":null,"user_modified":null},"settings":{"enabled":false,"position":7},"meta":{"name":"Blue YouTube Logo.","uuid":"22e61e2b-f17a-42a5-a863-0bdbc3631f12","modified":1682560895191}}