{"options":{"check_for_updates":false,"comment":null,"compat_foreach":false,"compat_metadata":false,"compat_powerful_this":null,"compat_wrappedjsobject":false,"compatopts_for_requires":true,"noframes":null,"override":{"merge_connects":true,"merge_excludes":true,"merge_includes":true,"merge_matches":true,"orig_connects":[],"orig_excludes":[],"orig_includes":[],"orig_matches":["*://www.old.reddit.com/r/FlashTV/*"],"orig_noframes":null,"orig_run_at":"document-start","orig_run_in":[],"use_blockers":[],"use_connects":[],"use_excludes":[],"use_includes":[],"use_matches":[]},"run_at":null,"run_in":null,"sandbox":null,"tags":[],"unwrap":null,"user_modified":null},"settings":{"enabled":false,"position":14},"meta":{"name":"FlashTV Night Mode Fix","uuid":"d259f00d-cbeb-45c3-b155-978ab5ad4337","modified":1683064834803}}