{"options":{"check_for_updates":true,"comment":null,"compat_foreach":false,"compat_metadata":false,"compat_powerful_this":null,"compat_wrappedjsobject":false,"compatopts_for_requires":true,"noframes":null,"override":{"merge_connects":true,"merge_excludes":true,"merge_includes":true,"merge_matches":true,"orig_connects":[],"orig_excludes":["https://developers.facebook.com/*","https://www.instagram.com/privacy/checks/*","https://twitter.com/intent/tweet?*","https://mobile.twitter.com/intent/tweet?*","https://x.com/intent/tweet?*","https://mobile.x.com/intent/tweet?*","https://vk.com/im?*"],"orig_includes":["https://www.pinterest.tld/*"],"orig_matches":["https://*.facebook.com/*","https://www.instagram.com/*","https://m.youtube.com/*","https://www.youtube.com/*","https://www.reddit.com/*","https://twitter.com/*","https://mobile.twitter.com/*","https://x.com/*","https://mobile.x.com/*","https://*.quora.com/*","https://ask.fm/*","https://vk.com/*","https://m.vk.com/*","https://*.tumblr.com/*","https://www.twitch.tv/*","https://www.tiktok.com/*/video/*"],"orig_noframes":null,"orig_run_at":"document-idle","orig_run_in":[],"use_blockers":[],"use_connects":[],"use_excludes":[],"use_includes":[],"use_matches":[]},"run_at":null,"run_in":null,"sandbox":null,"tags":[],"unwrap":null,"user_modified":null},"settings":{"enabled":true,"position":1},"meta":{"name":"Login reminder popup remover (developement ceased - not up to date)","uuid":"3483e9cc-d0e7-4d1c-9bd1-2dded1d1d428","modified":1719882393673,"file_url":"https://update.greasyfork.org/scripts/395497/Login%20reminder%20popup%20remover%20%28developement%20ceased%20-%20not%20up%20to%20date%29.user.js"}}